S.No,State_Name,District_of_Capital,Population,Capital,Area
1,Andhra Pradesh,Vishakhapatnam,2246000,Vishakhapatnam,"1,60,205 Sq Km"
2,Arunachal Pradesh,Papum Pare,77000,Itanagar,"83,743 sq. km"
3,Assam,Sonitpur,684636,Dispur,"78,438 sq. km"
4,Bihar ,Patna,2481530,Patna,"94,163 sq. km"
5,Chhattisgarh,Raipur,1702048,Raipur,"1,36,034 sq. km"
6,Goa,North Goa,149000,Panaji,"3,702 sq. km"
7,Gujarat,Gandhinagar,406268,Gandhinagar,"1,96,024 sq. km"
8,Haryana,Panchkula,1169244,Chandigarh,"44,212 sq. km"
9,Himachal Pradesh,Shimla,232000,Shimla ,"55,673 sq. km"
10,Jammu and Kashmir,Srinagar,1627000,Srinagar,42241 sq. km
11,Jharkhand,Ranchi,1474748,Ranchi,"79,714 sq. km"
12,Karnataka,Bangalore Urban,12764935,Bangalore,"1,91,791 sq. km"
13,Kerala,Thiruvananthapuram,2690703,Thiruvananthapuram,"38,863 sq. km"
14,Madhya Pradesh,Bhopal,2446882,Bhopal,"3,08,000 sq. km"
15,Maharashtra,Greater Bombay,20667655,Mumbai ,"3,07,713 sq. km"
16,Manipur,East Imphal,593524,Imphal,"22,327 sq. km"
17,Meghalaya,East Khasi Hills,471627,Shillong,"22,429 sq. km"
18,Mizoram,Aizawl,378336,Aizawl,"21,081 sq. km"
19,Nagaland,Kohima,568200,Kohima,"16,579 sq. km"
20,Odisha,Khordha,1194431,Bhubaneshwar,"1,55,707 sq. km"
21,Punjab,Patiala,1169244,Chandigarh,"50,362 sq. km"
22,Rajasthan,Jaipur,4007505,Jaipur,"3,42,239 sq. km"
23,Sikkim,East,130000,Gangtok,"7,096 sq. km"
24,Tamil Nadu,Chennai,11235018,Chennai,"1,30,058 sq. km"
25,Telangana ,Hyderabad,10268653,Hyderabad,"112,077 Sq. Kms"
26,Tripura,West Tripura,595210,Agartala,"10,491.69 km2"
27,Uttar Pradesh ,Lucknow,3764619,Lucknow,"2,40,928 sq. km"
28,Uttaranchal,Dehra Dun,943136,Dehradun ,"53,484 sq. km"
29,West Bengal,Kolkata,14974073,Kolkata,"88,752 sq. km"
